fetch_timestamp,city,country,forecast_datetime,temp_c,feels_like_c,temp_min_c,temp_max_c,pressure,humidity,wind_speed,wind_deg,wind_gust,clouds_pct,visibility,pop,rain_3h_mm,snow_3h_mm,weather_main,weather_description,part_of_day
2026-07-22T10:44:53.579051+00:00,Cairo,EG,2026-07-22 12:00:00,38.01,36.9,38.01,40.9,1006,21,3.48,289,4.84,0,10000,0,0,0,Clear,clear sky,d
2026-07-22T10:44:53.579051+00:00,Cairo,EG,2026-07-22 15:00:00,39.12,37.89,39.12,41.33,1006,19,8.89,309,6.9,1,10000,0,0,0,Clear,clear sky,d
2026-07-22T10:44:53.579051+00:00,Cairo,EG,2026-07-22 18:00:00,35.54,34.82,34.3,35.54,1007,27,8.21,335,10.76,1,10000,0,0,0,Clear,clear sky,n
2026-07-22T10:44:53.579051+00:00,Cairo,EG,2026-07-22 21:00:00,29.65,30.26,29.65,29.65,1009,48,5.95,334,8.56,0,10000,0,0,0,Clear,clear sky,n
2026-07-22T10:44:53.579051+00:00,Cairo,EG,2026-07-23 00:00:00,27.54,28.98,27.54,27.54,1008,62,4.38,338,6.47,0,10000,0,0,0,Clear,clear sky,n
2026-07-22T10:44:53.579051+00:00,Cairo,EG,2026-07-23 03:00:00,26.99,28.07,26.99,26.99,1007,60,2.82,321,4.09,0,10000,0,0,0,Clear,clear sky,n
2026-07-22T10:44:53.579051+00:00,Cairo,EG,2026-07-23 06:00:00,30.18,30.41,30.18,30.18,1008,44,2.96,311,3.97,0,10000,0,0,0,Clear,clear sky,d
2026-07-22T10:44:53.579051+00:00,Cairo,EG,2026-07-23 09:00:00,37.8,37.09,37.8,37.8,1007,23,3.94,325,6.4,0,10000,0,0,0,Clear,clear sky,d
2026-07-22T10:44:53.579051+00:00,Cairo,EG,2026-07-23 12:00:00,43.73,41.13,43.73,43.73,1003,11,6.53,338,8.98,0,10000,0,0,0,Clear,clear sky,d
2026-07-22T10:44:53.579051+00:00,Cairo,EG,2026-07-23 15:00:00,43.25,40.27,43.25,43.25,1002,10,9.31,335,9.36,0,10000,0,0,0,Clear,clear sky,d
2026-07-22T10:44:53.579051+00:00,Cairo,EG,2026-07-23 18:00:00,36.33,35.5,36.33,36.33,1005,25,7.56,341,9.69,0,10000,0,0,0,Clear,clear sky,n
2026-07-22T10:44:53.579051+00:00,Cairo,EG,2026-07-23 21:00:00,30.76,32.22,30.76,30.76,1006,50,5.28,332,7.17,0,10000,0,0,0,Clear,clear sky,n
2026-07-22T10:44:53.579051+00:00,Cairo,EG,2026-07-24 00:00:00,28.19,29.98,28.19,28.19,1005,62,4.88,329,6.82,0,10000,0,0,0,Clear,clear sky,n
2026-07-22T10:44:53.579051+00:00,Cairo,EG,2026-07-24 03:00:00,26.57,26.57,26.57,26.57,1006,69,4.25,329,6.19,0,10000,0,0,0,Clear,clear sky,n
2026-07-22T10:44:53.579051+00:00,Cairo,EG,2026-07-24 06:00:00,29.27,30.15,29.27,29.27,1006,51,4.47,334,5.98,0,10000,0,0,0,Clear,clear sky,d
2026-07-22T10:44:53.579051+00:00,Cairo,EG,2026-07-24 09:00:00,36.03,34.54,36.03,36.03,1005,22,4.73,328,5.99,0,10000,0,0,0,Clear,clear sky,d
2026-07-22T10:44:53.579051+00:00,Cairo,EG,2026-07-24 12:00:00,39.43,37.13,39.43,39.43,1003,14,7.08,327,7.29,0,10000,0,0,0,Clear,clear sky,d
2026-07-22T10:44:53.579051+00:00,Cairo,EG,2026-07-24 15:00:00,38.13,36.41,38.13,38.13,1003,18,8.6,334,7.82,0,10000,0,0,0,Clear,clear sky,d
2026-07-22T10:44:53.579051+00:00,Cairo,EG,2026-07-24 18:00:00,33.03,31.64,33.03,33.03,1005,27,6.26,355,7.12,0,10000,0,0,0,Clear,clear sky,n
2026-07-22T10:44:53.579051+00:00,Cairo,EG,2026-07-24 21:00:00,30.05,29.13,30.05,30.05,1006,34,3.28,1,3.97,0,10000,0,0,0,Clear,clear sky,n
2026-07-22T10:44:53.579051+00:00,Cairo,EG,2026-07-25 00:00:00,28.52,28.06,28.52,28.52,1005,39,1.21,16,1.18,0,10000,0,0,0,Clear,clear sky,n
2026-07-22T10:44:53.579051+00:00,Cairo,EG,2026-07-25 03:00:00,28.38,27.93,28.38,28.38,1004,39,1.01,230,1.37,0,10000,0,0,0,Clear,clear sky,n
2026-07-22T10:44:53.579051+00:00,Cairo,EG,2026-07-25 06:00:00,31.26,30.1,31.26,31.26,1005,31,2.64,235,3.3,0,10000,0,0,0,Clear,clear sky,d
2026-07-22T10:44:53.579051+00:00,Cairo,EG,2026-07-25 09:00:00,37.03,35.26,37.03,37.03,1004,19,4.2,278,5.89,0,10000,0,0,0,Clear,clear sky,d
2026-07-22T10:44:53.579051+00:00,Cairo,EG,2026-07-25 12:00:00,40.18,38.48,40.18,40.18,1003,16,6.72,289,7.8,0,10000,0,0,0,Clear,clear sky,d
2026-07-22T10:44:53.579051+00:00,Cairo,EG,2026-07-25 15:00:00,39.28,38.65,39.28,39.28,1002,21,6.11,314,6.58,0,10000,0,0,0,Clear,clear sky,d
2026-07-22T10:44:53.579051+00:00,Cairo,EG,2026-07-25 18:00:00,31.66,31.8,31.66,31.66,1005,40,9,347,9.95,0,10000,0,0,0,Clear,clear sky,n
2026-07-22T10:44:53.579051+00:00,Cairo,EG,2026-07-25 21:00:00,27.06,28.38,27.06,27.06,1008,63,6.54,7,7.54,0,10000,0,0,0,Clear,clear sky,n
2026-07-22T10:44:53.579051+00:00,Cairo,EG,2026-07-26 00:00:00,25.36,25.73,25.36,25.36,1008,68,5.17,356,6.26,0,10000,0,0,0,Clear,clear sky,n
2026-07-22T10:44:53.579051+00:00,Cairo,EG,2026-07-26 03:00:00,24.24,24.55,24.24,24.24,1007,70,4.65,1,5.66,0,10000,0,0,0,Clear,clear sky,n
2026-07-22T10:44:53.579051+00:00,Cairo,EG,2026-07-26 06:00:00,26.09,26.09,26.09,26.09,1009,59,4.35,360,4.64,0,10000,0,0,0,Clear,clear sky,d
2026-07-22T10:44:53.579051+00:00,Cairo,EG,2026-07-26 09:00:00,31.52,30.5,31.52,31.52,1008,32,3.33,340,3.48,0,10000,0,0,0,Clear,clear sky,d
2026-07-22T10:44:53.579051+00:00,Cairo,EG,2026-07-26 12:00:00,35.95,33.86,35.95,35.95,1006,18,3.22,307,3.32,0,10000,0,0,0,Clear,clear sky,d
2026-07-22T10:44:53.579051+00:00,Cairo,EG,2026-07-26 15:00:00,36.95,35.16,36.95,36.95,1005,19,6.92,312,5.35,0,10000,0,0,0,Clear,clear sky,d
2026-07-22T10:44:53.579051+00:00,Cairo,EG,2026-07-26 18:00:00,29.82,29.38,29.82,29.82,1009,39,8.74,344,8.66,0,10000,0,0,0,Clear,clear sky,n
2026-07-22T10:44:53.579051+00:00,Cairo,EG,2026-07-26 21:00:00,26.16,26.16,26.16,26.16,1010,58,5.37,352,6.08,0,10000,0,0,0,Clear,clear sky,n
2026-07-22T10:44:53.579051+00:00,Cairo,EG,2026-07-27 00:00:00,24.78,25.04,24.78,24.78,1009,66,3.97,350,4.54,0,10000,0,0,0,Clear,clear sky,n
2026-07-22T10:44:53.579051+00:00,Cairo,EG,2026-07-27 03:00:00,23.7,24.01,23.7,23.7,1009,72,3.61,359,4.15,0,10000,0,0,0,Clear,clear sky,n
2026-07-22T10:44:53.579051+00:00,Cairo,EG,2026-07-27 06:00:00,25.9,26.06,25.9,25.9,1010,58,3.45,31,3.8,0,10000,0,0,0,Clear,clear sky,d
2026-07-22T10:44:53.579051+00:00,Cairo,EG,2026-07-27 09:00:00,31.19,30.6,31.19,31.19,1008,36,2.94,25,3.13,0,10000,0,0,0,Clear,clear sky,d
2026-07-22T10:44:53.733865+00:00,London,GB,2026-07-22 12:00:00,24.07,23.99,22.06,24.07,1025,56,0.98,351,2.12,98,10000,0,0,0,Clouds,overcast clouds,d
2026-07-22T10:44:53.733865+00:00,London,GB,2026-07-22 15:00:00,23.82,23.62,23.31,23.82,1025,52,3.59,51,3.06,99,10000,0,0,0,Clouds,overcast clouds,d
2026-07-22T10:44:53.733865+00:00,London,GB,2026-07-22 18:00:00,22.56,22.23,21.8,22.56,1024,52,4.95,67,5.15,89,10000,0,0,0,Clouds,overcast clouds,d
2026-07-22T10:44:53.733865+00:00,London,GB,2026-07-22 21:00:00,19.53,18.82,19.53,19.53,1024,49,2.48,94,4.86,89,10000,0,0,0,Clouds,overcast clouds,n
2026-07-22T10:44:53.733865+00:00,London,GB,2026-07-23 00:00:00,17.9,17.52,17.9,17.9,1024,68,1.34,100,2.03,73,10000,0,0,0,Clouds,broken clouds,n
2026-07-22T10:44:53.733865+00:00,London,GB,2026-07-23 03:00:00,16.06,15.52,16.06,16.06,1024,69,1.76,68,2.05,71,10000,0,0,0,Clouds,broken clouds,n
2026-07-22T10:44:53.733865+00:00,London,GB,2026-07-23 06:00:00,16.93,16.25,16.93,16.93,1024,60,2.03,66,2.49,86,10000,0,0,0,Clouds,overcast clouds,d
2026-07-22T10:44:53.733865+00:00,London,GB,2026-07-23 09:00:00,20.39,19.74,20.39,20.39,1025,48,1.13,49,1.23,100,10000,0,0,0,Clouds,overcast clouds,d
2026-07-22T10:44:53.733865+00:00,London,GB,2026-07-23 12:00:00,21.4,20.61,21.4,21.4,1023,39,1.34,332,2.26,100,10000,0,0,0,Clouds,overcast clouds,d
2026-07-22T10:44:53.733865+00:00,London,GB,2026-07-23 15:00:00,22.67,22.01,22.67,22.67,1022,39,1.83,294,2.7,100,10000,0,0,0,Clouds,overcast clouds,d
2026-07-22T10:44:53.733865+00:00,London,GB,2026-07-23 18:00:00,22.85,22.37,22.85,22.85,1021,45,1.83,223,2,100,10000,0,0,0,Clouds,overcast clouds,d
2026-07-22T10:44:53.733865+00:00,London,GB,2026-07-23 21:00:00,19.53,19,19.53,19.53,1021,56,3.23,187,6.33,66,10000,0,0,0,Clouds,broken clouds,n
2026-07-22T10:44:53.733865+00:00,London,GB,2026-07-24 00:00:00,18.47,18.1,18.47,18.47,1021,66,3.03,207,7.88,55,10000,0,0,0,Clouds,broken clouds,n
2026-07-22T10:44:53.733865+00:00,London,GB,2026-07-24 03:00:00,17.65,17.32,17.65,17.65,1020,71,2.94,217,9.19,74,10000,0,0,0,Clouds,broken clouds,n
2026-07-22T10:44:53.733865+00:00,London,GB,2026-07-24 06:00:00,17.29,16.8,17.29,17.29,1020,66,3.37,253,5.17,83,10000,0,0,0,Clouds,broken clouds,d
2026-07-22T10:44:53.733865+00:00,London,GB,2026-07-24 09:00:00,23.05,22.38,23.05,23.05,1019,37,2.78,280,4.13,77,10000,0,0,0,Clouds,broken clouds,d
2026-07-22T10:44:53.733865+00:00,London,GB,2026-07-24 12:00:00,27.99,26.92,27.99,27.99,1017,26,2.68,284,4.01,63,10000,0,0,0,Clouds,broken clouds,d
2026-07-22T10:44:53.733865+00:00,London,GB,2026-07-24 15:00:00,30.39,28.56,30.39,30.39,1014,20,2.43,283,3.72,43,10000,0,0,0,Clouds,scattered clouds,d
2026-07-22T10:44:53.733865+00:00,London,GB,2026-07-24 18:00:00,29.82,28.12,29.82,29.82,1012,21,2.74,293,3.7,57,10000,0,0,0,Clouds,broken clouds,d
2026-07-22T10:44:53.733865+00:00,London,GB,2026-07-24 21:00:00,24.04,23.6,24.04,24.04,1012,42,4.1,229,9.44,15,10000,0,0,0,Clouds,few clouds,n
2026-07-22T10:44:53.733865+00:00,London,GB,2026-07-25 00:00:00,20.76,19.86,20.76,20.76,1013,37,3.48,349,8.43,11,10000,0,0,0,Clouds,few clouds,n
2026-07-22T10:44:53.733865+00:00,London,GB,2026-07-25 03:00:00,18.22,17.38,18.22,18.22,1012,49,2.8,342,5.71,9,10000,0,0,0,Clear,clear sky,n
2026-07-22T10:44:53.733865+00:00,London,GB,2026-07-25 06:00:00,18.1,17.48,18.1,18.1,1011,58,2.13,330,3.7,15,10000,0,0,0,Clouds,few clouds,d
2026-07-22T10:44:53.733865+00:00,London,GB,2026-07-25 09:00:00,21.66,21.06,21.66,21.66,1011,45,2.3,288,3.56,100,10000,0,0,0,Clouds,overcast clouds,d
2026-07-22T10:44:53.733865+00:00,London,GB,2026-07-25 12:00:00,25.02,24.54,25.02,25.02,1008,37,3.38,290,5.77,100,10000,0,0,0,Clouds,overcast clouds,d
2026-07-22T10:44:53.733865+00:00,London,GB,2026-07-25 15:00:00,27.52,26.76,27.52,27.52,1006,30,4.94,282,7.13,85,10000,0,0,0,Clouds,overcast clouds,d
2026-07-22T10:44:53.733865+00:00,London,GB,2026-07-25 18:00:00,23.98,23.43,23.98,23.98,1006,38,4.92,273,7.86,81,10000,0,0,0,Clouds,broken clouds,d
2026-07-22T10:44:53.733865+00:00,London,GB,2026-07-25 21:00:00,21.66,21.19,21.66,21.66,1006,50,5.23,264,9.98,30,10000,0,0,0,Clouds,scattered clouds,n
2026-07-22T10:44:53.733865+00:00,London,GB,2026-07-26 00:00:00,18.94,18.67,18.94,18.94,1006,68,3.64,260,5.96,55,10000,0,0,0,Clouds,broken clouds,n
2026-07-22T10:44:53.733865+00:00,London,GB,2026-07-26 03:00:00,18.79,18.66,18.79,18.79,1006,74,3.8,278,7.83,96,10000,0,0,0,Clouds,overcast clouds,n
2026-07-22T10:44:53.733865+00:00,London,GB,2026-07-26 06:00:00,18.58,18.45,18.58,18.58,1006,75,3.72,290,6.27,99,10000,0,0,0,Clouds,overcast clouds,d
2026-07-22T10:44:53.733865+00:00,London,GB,2026-07-26 09:00:00,20.08,19.71,20.08,20.08,1008,60,4.08,300,6.13,88,10000,0.2,0.16,0,Rain,light rain,d
2026-07-22T10:44:53.733865+00:00,London,GB,2026-07-26 12:00:00,21.14,20.62,21.14,21.14,1008,50,4.79,310,6.43,93,10000,0.2,0.11,0,Rain,light rain,d
2026-07-22T10:44:53.733865+00:00,London,GB,2026-07-26 15:00:00,26.49,26.49,26.49,26.49,1008,27,4.33,297,6.5,58,10000,0,0,0,Clouds,broken clouds,d
2026-07-22T10:44:53.733865+00:00,London,GB,2026-07-26 18:00:00,24.88,24.23,24.88,24.88,1010,31,5.41,324,6.27,29,10000,0,0,0,Clouds,scattered clouds,d
2026-07-22T10:44:53.733865+00:00,London,GB,2026-07-26 21:00:00,20.5,19.7,20.5,20.5,1013,42,4.84,344,8.32,0,10000,0,0,0,Clear,clear sky,n
2026-07-22T10:44:53.733865+00:00,London,GB,2026-07-27 00:00:00,17.76,16.92,17.76,17.76,1015,51,3.88,326,8.44,0,10000,0,0,0,Clear,clear sky,n
2026-07-22T10:44:53.733865+00:00,London,GB,2026-07-27 03:00:00,15.89,15.23,15.89,15.89,1017,65,3.28,318,8.45,0,10000,0,0,0,Clear,clear sky,n
2026-07-22T10:44:53.733865+00:00,London,GB,2026-07-27 06:00:00,15.9,15.3,15.9,15.9,1019,67,3.27,311,6.23,0,10000,0,0,0,Clear,clear sky,d
2026-07-22T10:44:53.733865+00:00,London,GB,2026-07-27 09:00:00,20.29,19.6,20.29,20.29,1020,47,2.6,295,3.79,0,10000,0,0,0,Clear,clear sky,d
2026-07-22T10:44:53.892401+00:00,New York,US,2026-07-22 12:00:00,23.3,23.98,22.37,23.3,1007,88,5.57,250,9.24,82,10000,0,0,0,Clouds,broken clouds,d
2026-07-22T10:44:53.892401+00:00,New York,US,2026-07-22 15:00:00,23.47,24.04,23.47,23.82,1007,83,5.4,251,7.24,75,10000,0.2,0.15,0,Rain,light rain,d
2026-07-22T10:44:53.892401+00:00,New York,US,2026-07-22 18:00:00,24.97,25.14,24.97,25.8,1008,62,5.7,270,7.92,73,10000,0,0,0,Clouds,broken clouds,d
2026-07-22T10:44:53.892401+00:00,New York,US,2026-07-22 21:00:00,26.9,26.94,26.9,26.9,1009,43,6.42,252,8.39,93,10000,0,0,0,Clouds,overcast clouds,d
2026-07-22T10:44:53.892401+00:00,New York,US,2026-07-23 00:00:00,24.08,23.67,24.08,24.08,1011,43,5.01,297,7.19,63,10000,0,0,0,Clouds,broken clouds,d
2026-07-22T10:44:53.892401+00:00,New York,US,2026-07-23 03:00:00,19.71,18.96,19.71,19.71,1015,47,5.11,349,7.84,92,10000,0,0,0,Clouds,overcast clouds,n
2026-07-22T10:44:53.892401+00:00,New York,US,2026-07-23 06:00:00,17.86,17.09,17.86,17.86,1016,53,4.69,1,6.66,96,10000,0,0,0,Clouds,overcast clouds,n
2026-07-22T10:44:53.892401+00:00,New York,US,2026-07-23 09:00:00,15.85,14.98,15.85,15.85,1017,57,3.22,15,4.1,22,10000,0,0,0,Clouds,few clouds,n
2026-07-22T10:44:53.892401+00:00,New York,US,2026-07-23 12:00:00,18.21,17.37,18.21,18.21,1019,49,3.8,13,5.11,12,10000,0,0,0,Clouds,few clouds,d
2026-07-22T10:44:53.892401+00:00,New York,US,2026-07-23 15:00:00,23.1,22.28,23.1,23.1,1020,31,3.12,18,3.86,0,10000,0,0,0,Clear,clear sky,d
2026-07-22T10:44:53.892401+00:00,New York,US,2026-07-23 18:00:00,27.45,26.56,27.45,27.45,1019,26,0.86,126,2.26,1,10000,0,0,0,Clear,clear sky,d
2026-07-22T10:44:53.892401+00:00,New York,US,2026-07-23 21:00:00,27.3,26.79,27.3,27.3,1020,34,5.29,167,3.7,0,10000,0,0,0,Clear,clear sky,d
2026-07-22T10:44:53.892401+00:00,New York,US,2026-07-24 00:00:00,23.85,23.44,23.85,23.85,1021,44,4.3,164,4.38,0,10000,0,0,0,Clear,clear sky,d
2026-07-22T10:44:53.892401+00:00,New York,US,2026-07-24 03:00:00,22.78,22.34,22.78,22.78,1022,47,2.52,195,3.68,0,10000,0,0,0,Clear,clear sky,n
2026-07-22T10:44:53.892401+00:00,New York,US,2026-07-24 06:00:00,21.44,20.92,21.44,21.44,1022,49,1.46,274,2.1,0,10000,0,0,0,Clear,clear sky,n
2026-07-22T10:44:53.892401+00:00,New York,US,2026-07-24 09:00:00,20.73,20.16,20.73,20.73,1023,50,0.8,312,0.76,0,10000,0,0,0,Clear,clear sky,n
2026-07-22T10:44:53.892401+00:00,New York,US,2026-07-24 12:00:00,22.3,21.76,22.3,22.3,1024,45,1.21,25,1.23,0,10000,0,0,0,Clear,clear sky,d
2026-07-22T10:44:53.892401+00:00,New York,US,2026-07-24 15:00:00,26.67,26.41,26.67,26.67,1023,35,1.3,122,1.96,0,10000,0,0,0,Clear,clear sky,d
2026-07-22T10:44:53.892401+00:00,New York,US,2026-07-24 18:00:00,27.64,27.08,27.64,27.64,1022,35,4.44,167,3.24,9,10000,0,0,0,Clear,clear sky,d
2026-07-22T10:44:53.892401+00:00,New York,US,2026-07-24 21:00:00,26.11,26.11,26.11,26.11,1021,40,5.29,157,4.55,100,10000,0,0,0,Clouds,overcast clouds,d
2026-07-22T10:44:53.892401+00:00,New York,US,2026-07-25 00:00:00,23.87,23.54,23.87,23.87,1021,47,4.42,151,5.26,100,10000,0,0,0,Clouds,overcast clouds,d
2026-07-22T10:44:53.892401+00:00,New York,US,2026-07-25 03:00:00,22.64,22.32,22.64,22.64,1022,52,3.04,137,4.25,47,10000,0,0,0,Clouds,scattered clouds,n
2026-07-22T10:44:53.892401+00:00,New York,US,2026-07-25 06:00:00,21.68,21.34,21.68,21.68,1022,55,1.56,75,2.25,24,10000,0,0,0,Clouds,few clouds,n
2026-07-22T10:44:53.892401+00:00,New York,US,2026-07-25 09:00:00,20.95,20.54,20.95,20.95,1021,55,2.51,21,3.8,42,10000,0,0,0,Clouds,scattered clouds,n
2026-07-22T10:44:53.892401+00:00,New York,US,2026-07-25 12:00:00,22.01,21.49,22.01,22.01,1021,47,3.34,41,4.43,31,10000,0,0,0,Clouds,scattered clouds,d
2026-07-22T10:44:53.892401+00:00,New York,US,2026-07-25 15:00:00,26.2,26.2,26.2,26.2,1020,31,3.7,77,4.86,18,10000,0,0,0,Clouds,few clouds,d
2026-07-22T10:44:53.892401+00:00,New York,US,2026-07-25 18:00:00,27.77,27.02,27.77,27.77,1018,32,3.17,135,3.59,9,10000,0,0,0,Clear,clear sky,d
2026-07-22T10:44:53.892401+00:00,New York,US,2026-07-25 21:00:00,27.07,26.72,27.07,27.07,1017,36,4.15,165,3.68,0,10000,0,0,0,Clear,clear sky,d
2026-07-22T10:44:53.892401+00:00,New York,US,2026-07-26 00:00:00,24.18,23.83,24.18,24.18,1016,45,4.01,169,4.28,0,10000,0,0,0,Clear,clear sky,d
2026-07-22T10:44:53.892401+00:00,New York,US,2026-07-26 03:00:00,23.17,22.82,23.17,23.17,1017,49,3.38,151,4.13,0,10000,0,0,0,Clear,clear sky,n
2026-07-22T10:44:53.892401+00:00,New York,US,2026-07-26 06:00:00,22.27,21.88,22.27,22.27,1016,51,1.55,229,2.19,13,10000,0,0,0,Clouds,few clouds,n
2026-07-22T10:44:53.892401+00:00,New York,US,2026-07-26 09:00:00,21.18,20.66,21.18,21.18,1015,50,1.86,253,2.61,56,10000,0,0,0,Clouds,broken clouds,n
2026-07-22T10:44:53.892401+00:00,New York,US,2026-07-26 12:00:00,22.23,21.74,22.23,22.23,1016,47,1.67,220,1.91,77,10000,0,0,0,Clouds,broken clouds,d
2026-07-22T10:44:53.892401+00:00,New York,US,2026-07-26 15:00:00,25.19,24.89,25.19,25.19,1015,43,3.06,191,3.14,100,10000,0,0,0,Clouds,overcast clouds,d
2026-07-22T10:44:53.892401+00:00,New York,US,2026-07-26 18:00:00,27.05,27.06,27.05,27.05,1013,43,4.28,163,4.16,100,10000,0,0,0,Clouds,overcast clouds,d
2026-07-22T10:44:53.892401+00:00,New York,US,2026-07-26 21:00:00,26.93,27.18,26.93,26.93,1011,47,5.92,157,5.41,63,10000,0,0,0,Clouds,broken clouds,d
2026-07-22T10:44:53.892401+00:00,New York,US,2026-07-27 00:00:00,24.53,24.61,24.53,24.53,1011,60,5.95,162,7.43,77,10000,0,0,0,Clouds,broken clouds,d
2026-07-22T10:44:53.892401+00:00,New York,US,2026-07-27 03:00:00,24.39,24.37,24.39,24.39,1011,57,4.66,198,8.36,95,10000,0,0,0,Clouds,overcast clouds,n
2026-07-22T10:44:53.892401+00:00,New York,US,2026-07-27 06:00:00,22.1,22.27,22.1,22.1,1010,73,5.77,247,9.38,97,10000,0.18,0,0,Clouds,overcast clouds,n
2026-07-22T10:44:53.892401+00:00,New York,US,2026-07-27 09:00:00,21.27,21.59,21.27,21.27,1009,82,3.98,212,8.51,86,10000,1,0.9,0,Rain,light rain,n
2026-07-22T10:44:54.055620+00:00,Tokyo,JP,2026-07-22 12:00:00,32.53,39.53,31.36,32.53,1005,73,4.31,171,5.18,9,10000,0,0,0,Clear,clear sky,n
2026-07-22T10:44:54.055620+00:00,Tokyo,JP,2026-07-22 15:00:00,31.49,38.49,29.4,31.49,1005,74,2.12,89,3.35,7,10000,0.21,0.11,0,Rain,light rain,n
2026-07-22T10:44:54.055620+00:00,Tokyo,JP,2026-07-22 18:00:00,29.86,36.44,28.53,29.86,1006,77,2.71,59,3.84,6,10000,0.04,0,0,Clear,clear sky,n
2026-07-22T10:44:54.055620+00:00,Tokyo,JP,2026-07-22 21:00:00,29.4,34.04,29.4,29.4,1007,72,3.05,17,3.81,6,10000,0,0,0,Clear,clear sky,d
2026-07-22T10:44:54.055620+00:00,Tokyo,JP,2026-07-23 00:00:00,32.33,36.92,32.33,32.33,1007,57,3.41,33,3.83,3,10000,0,0,0,Clear,clear sky,d
2026-07-22T10:44:54.055620+00:00,Tokyo,JP,2026-07-23 03:00:00,35.45,39.79,35.45,35.45,1006,45,2.64,86,2.34,0,10000,0,0,0,Clear,clear sky,d
2026-07-22T10:44:54.055620+00:00,Tokyo,JP,2026-07-23 06:00:00,37.42,42.12,37.42,37.42,1005,40,6.92,134,5.22,6,10000,0,0,0,Clear,clear sky,d
2026-07-22T10:44:54.055620+00:00,Tokyo,JP,2026-07-23 09:00:00,32.65,37.65,32.65,32.65,1007,57,6.8,150,6.95,70,10000,0,0,0,Clouds,broken clouds,d
2026-07-22T10:44:54.055620+00:00,Tokyo,JP,2026-07-23 12:00:00,30.79,34.4,30.79,30.79,1009,60,4.24,117,4.5,40,10000,0.29,0.27,0,Rain,light rain,n
2026-07-22T10:44:54.055620+00:00,Tokyo,JP,2026-07-23 15:00:00,29.15,32.49,29.15,29.15,1010,67,3.24,84,3.22,98,10000,0.48,0.26,0,Rain,light rain,n
2026-07-22T10:44:54.055620+00:00,Tokyo,JP,2026-07-23 18:00:00,28.4,31.16,28.4,28.4,1009,68,3.13,74,2.54,99,10000,0.08,0,0,Clouds,overcast clouds,n
2026-07-22T10:44:54.055620+00:00,Tokyo,JP,2026-07-23 21:00:00,27.7,30.1,27.7,27.7,1010,70,3.38,82,3.05,99,10000,0,0,0,Clouds,overcast clouds,d
2026-07-22T10:44:54.055620+00:00,Tokyo,JP,2026-07-24 00:00:00,28.53,31.26,28.53,28.53,1010,67,3.1,103,2.87,99,10000,0,0,0,Clouds,overcast clouds,d
2026-07-22T10:44:54.055620+00:00,Tokyo,JP,2026-07-24 03:00:00,31.52,35.17,31.52,31.52,1010,57,4.06,160,3.23,94,10000,0,0,0,Clouds,overcast clouds,d
2026-07-22T10:44:54.055620+00:00,Tokyo,JP,2026-07-24 06:00:00,32.4,36.78,32.4,32.4,1009,56,5.34,166,4.42,74,10000,0,0,0,Clouds,broken clouds,d
2026-07-22T10:44:54.055620+00:00,Tokyo,JP,2026-07-24 09:00:00,30.16,34.7,30.16,30.16,1009,67,5.28,150,5.28,77,10000,0.59,0.24,0,Rain,light rain,d
2026-07-22T10:44:54.055620+00:00,Tokyo,JP,2026-07-24 12:00:00,28.37,32.19,28.37,28.37,1010,75,4.62,150,4.58,89,10000,0.94,1.03,0,Rain,light rain,n
2026-07-22T10:44:54.055620+00:00,Tokyo,JP,2026-07-24 15:00:00,27.37,30.58,27.37,27.37,1011,80,2.88,106,2.58,100,10000,0.95,0.88,0,Rain,light rain,n
2026-07-22T10:44:54.055620+00:00,Tokyo,JP,2026-07-24 18:00:00,25.88,26.74,25.88,25.88,1009,85,4.23,72,3.68,100,10000,0.78,0.27,0,Rain,light rain,n
2026-07-22T10:44:54.055620+00:00,Tokyo,JP,2026-07-24 21:00:00,25.14,25.88,25.14,25.14,1010,83,3.95,74,3.87,100,10000,0.2,0.11,0,Rain,light rain,d
2026-07-22T10:44:54.055620+00:00,Tokyo,JP,2026-07-25 00:00:00,27.87,30.42,27.87,27.87,1011,70,2.1,58,2,91,10000,0,0,0,Clouds,overcast clouds,d
2026-07-22T10:44:54.055620+00:00,Tokyo,JP,2026-07-25 03:00:00,31.38,34.64,31.38,31.38,1009,56,2.11,77,1.74,56,10000,0,0,0,Clouds,broken clouds,d
2026-07-22T10:44:54.055620+00:00,Tokyo,JP,2026-07-25 06:00:00,31.59,34.81,31.59,31.59,1009,55,4.1,107,3.83,73,10000,0.68,0.76,0,Rain,light rain,d
2026-07-22T10:44:54.055620+00:00,Tokyo,JP,2026-07-25 09:00:00,28.52,31.39,28.52,28.52,1010,68,5.51,69,5.88,100,10000,1,3.54,0,Rain,moderate rain,d
2026-07-22T10:44:54.055620+00:00,Tokyo,JP,2026-07-25 12:00:00,25.77,26.47,25.77,25.77,1012,79,4.87,48,5.43,100,10000,1,0.84,0,Rain,light rain,n
2026-07-22T10:44:54.055620+00:00,Tokyo,JP,2026-07-25 15:00:00,25.45,26.22,25.45,25.45,1011,83,3.7,40,3.75,100,10000,0.88,0.48,0,Rain,light rain,n
2026-07-22T10:44:54.055620+00:00,Tokyo,JP,2026-07-25 18:00:00,25.26,26.03,25.26,25.26,1010,84,3.25,46,3.06,100,10000,0.52,0,0,Clouds,overcast clouds,n
2026-07-22T10:44:54.055620+00:00,Tokyo,JP,2026-07-25 21:00:00,25.19,25.93,25.19,25.19,1011,83,3.05,52,2.89,100,10000,0.21,0.11,0,Rain,light rain,d
2026-07-22T10:44:54.055620+00:00,Tokyo,JP,2026-07-26 00:00:00,26.84,28.98,26.84,26.84,1010,75,1.53,111,1.75,97,10000,0,0,0,Clouds,overcast clouds,d
2026-07-22T10:44:54.055620+00:00,Tokyo,JP,2026-07-26 03:00:00,30.24,33.09,30.24,30.24,1009,59,4.53,166,4.59,67,10000,0.06,0,0,Clouds,broken clouds,d
2026-07-22T10:44:54.055620+00:00,Tokyo,JP,2026-07-26 06:00:00,30.86,33.85,30.86,30.86,1007,57,7.59,175,7.92,65,10000,0.01,0,0,Clouds,broken clouds,d
2026-07-22T10:44:54.055620+00:00,Tokyo,JP,2026-07-26 09:00:00,28.95,32.44,28.95,28.95,1006,69,7.87,184,9.3,95,10000,0.2,0.11,0,Rain,light rain,d
2026-07-22T10:44:54.055620+00:00,Tokyo,JP,2026-07-26 12:00:00,28.52,31.87,28.52,28.52,1006,71,4.43,205,6.27,92,10000,1,1.45,0,Rain,light rain,n
2026-07-22T10:44:54.055620+00:00,Tokyo,JP,2026-07-26 15:00:00,26.79,29.2,26.79,26.79,1006,79,5.31,333,5.64,98,10000,1,2.26,0,Rain,light rain,n
2026-07-22T10:44:54.055620+00:00,Tokyo,JP,2026-07-26 18:00:00,25.49,26.31,25.49,25.49,1006,85,5.67,23,7.38,88,10000,1,0.57,0,Rain,light rain,n
2026-07-22T10:44:54.055620+00:00,Tokyo,JP,2026-07-26 21:00:00,24.67,25.28,24.67,24.67,1008,80,3.21,56,3.94,89,10000,0,0,0,Clouds,overcast clouds,d
2026-07-22T10:44:54.055620+00:00,Tokyo,JP,2026-07-27 00:00:00,26.26,26.26,26.26,26.26,1009,70,4.74,81,4.01,89,10000,0,0,0,Clouds,overcast clouds,d
2026-07-22T10:44:54.055620+00:00,Tokyo,JP,2026-07-27 03:00:00,29.04,30.51,29.04,29.04,1009,56,3.61,113,3.29,74,10000,0,0,0,Clouds,broken clouds,d
2026-07-22T10:44:54.055620+00:00,Tokyo,JP,2026-07-27 06:00:00,30.79,32.46,30.79,30.79,1008,51,4.44,155,3.83,86,10000,0,0,0,Clouds,overcast clouds,d
2026-07-22T10:44:54.055620+00:00,Tokyo,JP,2026-07-27 09:00:00,28.65,30.88,28.65,28.65,1009,63,4.99,162,5.39,100,10000,0.4,0.18,0,Rain,light rain,d
2026-07-22T10:44:54.207220+00:00,Paris,FR,2026-07-22 12:00:00,23.49,23.3,23.42,23.49,1023,54,2.83,15,3.72,17,10000,0,0,0,Clouds,few clouds,d
2026-07-22T10:44:54.207220+00:00,Paris,FR,2026-07-22 15:00:00,24.51,24.24,24.51,26.54,1023,47,3.36,23,4.07,44,10000,0,0,0,Clouds,scattered clouds,d
2026-07-22T10:44:54.207220+00:00,Paris,FR,2026-07-22 18:00:00,25.02,24.52,25.02,25.78,1021,36,3.67,30,4.8,70,10000,0,0,0,Clouds,broken clouds,d
2026-07-22T10:44:54.207220+00:00,Paris,FR,2026-07-22 21:00:00,21.72,21.17,21.72,21.72,1022,47,4.46,31,9.45,98,10000,0,0,0,Clouds,overcast clouds,n
2026-07-22T10:44:54.207220+00:00,Paris,FR,2026-07-23 00:00:00,18.23,17.73,18.23,18.23,1023,62,3.5,43,7.79,62,10000,0,0,0,Clouds,broken clouds,n
2026-07-22T10:44:54.207220+00:00,Paris,FR,2026-07-23 03:00:00,16.03,15.49,16.03,16.03,1023,69,3.38,30,6.33,93,10000,0,0,0,Clouds,overcast clouds,n
2026-07-22T10:44:54.207220+00:00,Paris,FR,2026-07-23 06:00:00,16.47,16,16.47,16.47,1023,70,3.61,32,6.31,76,10000,0,0,0,Clouds,broken clouds,d
2026-07-22T10:44:54.207220+00:00,Paris,FR,2026-07-23 09:00:00,21.35,20.79,21.35,21.35,1023,48,3.51,36,5.11,7,10000,0,0,0,Clear,clear sky,d
2026-07-22T10:44:54.207220+00:00,Paris,FR,2026-07-23 12:00:00,23.83,23.16,23.83,23.83,1022,34,3.71,23,5.07,48,10000,0,0,0,Clouds,scattered clouds,d
2026-07-22T10:44:54.207220+00:00,Paris,FR,2026-07-23 15:00:00,26.58,26.58,26.58,26.58,1020,27,3.44,25,5.03,100,10000,0,0,0,Clouds,overcast clouds,d
2026-07-22T10:44:54.207220+00:00,Paris,FR,2026-07-23 18:00:00,25.33,24.75,25.33,25.33,1020,32,4.85,20,5.14,99,10000,0,0,0,Clouds,overcast clouds,d
2026-07-22T10:44:54.207220+00:00,Paris,FR,2026-07-23 21:00:00,21.42,20.64,21.42,21.42,1021,39,4.22,18,8.56,20,10000,0,0,0,Clouds,few clouds,n
2026-07-22T10:44:54.207220+00:00,Paris,FR,2026-07-24 00:00:00,17.46,16.59,17.46,17.46,1021,51,3.26,36,8.44,17,10000,0,0,0,Clouds,few clouds,n
2026-07-22T10:44:54.207220+00:00,Paris,FR,2026-07-24 03:00:00,16.92,16.16,16.92,16.92,1020,57,2.57,29,5.59,9,10000,0,0,0,Clear,clear sky,n
2026-07-22T10:44:54.207220+00:00,Paris,FR,2026-07-24 06:00:00,16.61,15.92,16.61,16.61,1020,61,2.65,36,4.42,23,10000,0,0,0,Clouds,few clouds,d
2026-07-22T10:44:54.207220+00:00,Paris,FR,2026-07-24 09:00:00,22.52,21.79,22.52,22.52,1019,37,2.67,36,3.88,66,10000,0,0,0,Clouds,broken clouds,d
2026-07-22T10:44:54.207220+00:00,Paris,FR,2026-07-24 12:00:00,27.59,26.58,27.59,27.59,1017,24,2.47,38,3.42,82,10000,0,0,0,Clouds,broken clouds,d
2026-07-22T10:44:54.207220+00:00,Paris,FR,2026-07-24 15:00:00,30.05,28.35,30.05,30.05,1014,22,2.34,33,2.85,57,10000,0,0,0,Clouds,broken clouds,d
2026-07-22T10:44:54.207220+00:00,Paris,FR,2026-07-24 18:00:00,29.34,27.94,29.34,29.34,1013,26,2.36,29,2.5,29,10000,0,0,0,Clouds,scattered clouds,d
2026-07-22T10:44:54.207220+00:00,Paris,FR,2026-07-24 21:00:00,25.74,25.26,25.74,25.74,1013,34,1.89,29,5.64,68,10000,0,0,0,Clouds,broken clouds,n
2026-07-22T10:44:54.207220+00:00,Paris,FR,2026-07-25 00:00:00,22.65,22.15,22.65,22.65,1012,45,2.05,20,5.66,46,10000,0,0,0,Clouds,scattered clouds,n
2026-07-22T10:44:54.207220+00:00,Paris,FR,2026-07-25 03:00:00,20.63,20.08,20.63,20.63,1011,51,1.78,1,3.59,0,10000,0,0,0,Clear,clear sky,n
2026-07-22T10:44:54.207220+00:00,Paris,FR,2026-07-25 06:00:00,20.92,20.4,20.92,20.92,1011,51,1.39,9,2.02,0,10000,0,0,0,Clear,clear sky,d
2026-07-22T10:44:54.207220+00:00,Paris,FR,2026-07-25 09:00:00,26.96,26.56,26.96,26.96,1009,34,1.8,336,1.89,24,10000,0,0,0,Clouds,few clouds,d
2026-07-22T10:44:54.207220+00:00,Paris,FR,2026-07-25 12:00:00,31.16,29.43,31.16,31.16,1008,24,1.68,281,3.64,39,10000,0,0,0,Clouds,scattered clouds,d
2026-07-22T10:44:54.207220+00:00,Paris,FR,2026-07-25 15:00:00,33.27,31.07,33.27,33.27,1006,18,2.73,294,5.22,66,10000,0,0,0,Clouds,broken clouds,d
2026-07-22T10:44:54.207220+00:00,Paris,FR,2026-07-25 18:00:00,30.39,28.53,30.39,30.39,1006,19,5.76,327,6.19,34,10000,0,0,0,Clouds,scattered clouds,d
2026-07-22T10:44:54.207220+00:00,Paris,FR,2026-07-25 21:00:00,24.61,23.91,24.61,24.61,1008,30,4.4,325,8.87,10,10000,0,0,0,Clear,clear sky,n
2026-07-22T10:44:54.207220+00:00,Paris,FR,2026-07-26 00:00:00,21.5,20.88,21.5,21.5,1009,45,3.83,301,8.09,6,10000,0,0,0,Clear,clear sky,n
2026-07-22T10:44:54.207220+00:00,Paris,FR,2026-07-26 03:00:00,18.75,18.35,18.75,18.75,1009,64,3.47,266,6.15,2,10000,0,0,0,Clear,clear sky,n
2026-07-22T10:44:54.207220+00:00,Paris,FR,2026-07-26 06:00:00,17.77,17.59,17.77,17.77,1010,76,3.8,259,7.1,32,10000,0,0,0,Clouds,scattered clouds,d
2026-07-22T10:44:54.207220+00:00,Paris,FR,2026-07-26 09:00:00,19.71,19.54,19.71,19.71,1011,69,3.91,254,6.84,100,10000,0,0,0,Clouds,overcast clouds,d
2026-07-22T10:44:54.207220+00:00,Paris,FR,2026-07-26 12:00:00,18.62,18.68,18.62,18.62,1012,82,4.06,252,8.97,100,10000,0.25,0.34,0,Rain,light rain,d
2026-07-22T10:44:54.207220+00:00,Paris,FR,2026-07-26 15:00:00,20.35,20.45,20.35,20.35,1012,77,3.62,262,6.88,100,10000,0.2,0.1,0,Rain,light rain,d
2026-07-22T10:44:54.207220+00:00,Paris,FR,2026-07-26 18:00:00,22.23,22.28,22.23,22.23,1012,68,3.45,261,6.39,87,10000,0.22,0.35,0,Rain,light rain,d
2026-07-22T10:44:54.207220+00:00,Paris,FR,2026-07-26 21:00:00,20.01,19.76,20.01,20.01,1014,65,3.66,282,8.27,67,10000,0.25,0.16,0,Rain,light rain,n
2026-07-22T10:44:54.207220+00:00,Paris,FR,2026-07-27 00:00:00,18.52,17.97,18.52,18.52,1015,59,2.85,281,9.2,33,10000,0,0,0,Clouds,scattered clouds,n
2026-07-22T10:44:54.207220+00:00,Paris,FR,2026-07-27 03:00:00,17.08,16.57,17.08,17.08,1016,66,2.41,268,7.27,0,10000,0,0,0,Clear,clear sky,n
2026-07-22T10:44:54.207220+00:00,Paris,FR,2026-07-27 06:00:00,17.19,16.77,17.19,17.19,1018,69,1.87,314,3.14,0,10000,0,0,0,Clear,clear sky,d
2026-07-22T10:44:54.207220+00:00,Paris,FR,2026-07-27 09:00:00,22.91,22.48,22.91,22.91,1019,47,1.72,359,2.29,0,10000,0,0,0,Clear,clear sky,d
2026-07-22T10:44:54.363579+00:00,Dubai,AE,2026-07-22 12:00:00,33.87,40.87,33.87,33.87,997,72,7.55,277,8.85,38,10000,0,0,0,Clouds,scattered clouds,d
2026-07-22T10:44:54.363579+00:00,Dubai,AE,2026-07-22 15:00:00,33.52,40.52,32.83,33.52,997,74,4.75,268,7.24,47,10000,0,0,0,Clouds,scattered clouds,d
2026-07-22T10:44:54.363579+00:00,Dubai,AE,2026-07-22 18:00:00,32.66,39.66,32.05,32.66,997,76,4.13,239,5.51,44,10000,0,0,0,Clouds,scattered clouds,n
2026-07-22T10:44:54.363579+00:00,Dubai,AE,2026-07-22 21:00:00,31.37,38.37,31.37,31.37,996,76,3.74,194,3.91,33,10000,0,0,0,Clouds,scattered clouds,n
2026-07-22T10:44:54.363579+00:00,Dubai,AE,2026-07-23 00:00:00,30.77,35.35,30.77,30.77,995,64,4.66,190,5.02,69,10000,0,0,0,Clouds,broken clouds,n
2026-07-22T10:44:54.363579+00:00,Dubai,AE,2026-07-23 03:00:00,31.74,34.12,31.74,31.74,996,51,5.4,194,6.61,41,10000,0,0,0,Clouds,scattered clouds,d
2026-07-22T10:44:54.363579+00:00,Dubai,AE,2026-07-23 06:00:00,35.2,40.37,35.2,35.2,996,48,5.08,239,5.74,24,10000,0,0,0,Clouds,few clouds,d
2026-07-22T10:44:54.363579+00:00,Dubai,AE,2026-07-23 09:00:00,35.76,42.76,35.76,35.76,996,53,6.05,265,5.91,2,10000,0,0,0,Clear,clear sky,d
2026-07-22T10:44:54.363579+00:00,Dubai,AE,2026-07-23 12:00:00,34.54,41.54,34.54,34.54,995,64,7.21,259,8.06,1,10000,0,0,0,Clear,clear sky,d
2026-07-22T10:44:54.363579+00:00,Dubai,AE,2026-07-23 15:00:00,33.01,40.01,33.01,33.01,995,72,4.12,260,5.59,1,10000,0,0,0,Clear,clear sky,d
2026-07-22T10:44:54.363579+00:00,Dubai,AE,2026-07-23 18:00:00,31.86,38.86,31.86,31.86,996,76,1.53,202,1.58,1,10000,0,0,0,Clear,clear sky,n
2026-07-22T10:44:54.363579+00:00,Dubai,AE,2026-07-23 21:00:00,31.29,36.86,31.29,31.29,995,65,2.14,170,2.07,3,10000,0,0,0,Clear,clear sky,n
2026-07-22T10:44:54.363579+00:00,Dubai,AE,2026-07-24 00:00:00,31.31,33.79,31.31,31.31,994,53,2.32,166,2.41,6,10000,0,0,0,Clear,clear sky,n
2026-07-22T10:44:54.363579+00:00,Dubai,AE,2026-07-24 03:00:00,32.81,33.91,32.81,32.81,996,42,2.24,146,2.43,5,10000,0,0,0,Clear,clear sky,d
2026-07-22T10:44:54.363579+00:00,Dubai,AE,2026-07-24 06:00:00,35.24,36.77,35.24,35.24,997,37,3.07,292,2.25,2,10000,0,0,0,Clear,clear sky,d
2026-07-22T10:44:54.363579+00:00,Dubai,AE,2026-07-24 09:00:00,34.91,40.85,34.91,34.91,996,51,5.24,294,5.32,0,10000,0,0,0,Clear,clear sky,d
2026-07-22T10:44:54.363579+00:00,Dubai,AE,2026-07-24 12:00:00,34.79,41.36,34.79,34.79,995,53,4.8,289,6.16,1,10000,0,0,0,Clear,clear sky,d
2026-07-22T10:44:54.363579+00:00,Dubai,AE,2026-07-24 15:00:00,32.6,39.6,32.6,32.6,995,67,2.7,287,3.6,5,10000,0,0,0,Clear,clear sky,d
2026-07-22T10:44:54.363579+00:00,Dubai,AE,2026-07-24 18:00:00,31.46,38.46,31.46,31.46,996,72,0.45,72,0.44,4,10000,0,0,0,Clear,clear sky,n
2026-07-22T10:44:54.363579+00:00,Dubai,AE,2026-07-24 21:00:00,31.42,35.76,31.42,31.42,996,60,2.88,122,2.9,56,10000,0,0,0,Clouds,broken clouds,n
2026-07-22T10:44:54.363579+00:00,Dubai,AE,2026-07-25 00:00:00,31.55,32.92,31.55,31.55,995,47,2.08,145,2.1,28,10000,0,0,0,Clouds,scattered clouds,n
2026-07-22T10:44:54.363579+00:00,Dubai,AE,2026-07-25 03:00:00,32.08,32.96,32.08,32.08,997,43,4,85,4.87,0,10000,0,0,0,Clear,clear sky,d
2026-07-22T10:44:54.363579+00:00,Dubai,AE,2026-07-25 06:00:00,36.38,40.67,36.38,36.38,997,42,2.35,1,2.11,0,10000,0,0,0,Clear,clear sky,d
2026-07-22T10:44:54.363579+00:00,Dubai,AE,2026-07-25 09:00:00,35.52,41.93,35.52,35.52,996,50,4.99,314,4.25,0,10000,0,0,0,Clear,clear sky,d
2026-07-22T10:44:54.363579+00:00,Dubai,AE,2026-07-25 12:00:00,35.02,41.12,35.02,35.02,996,51,4.35,296,4.61,1,10000,0,0,0,Clear,clear sky,d
2026-07-22T10:44:54.363579+00:00,Dubai,AE,2026-07-25 15:00:00,32.9,39.9,32.9,32.9,996,63,2.48,298,2.73,2,10000,0,0,0,Clear,clear sky,d
2026-07-22T10:44:54.363579+00:00,Dubai,AE,2026-07-25 18:00:00,31.87,38.87,31.87,31.87,998,68,2.69,7,2.93,1,10000,0,0,0,Clear,clear sky,n
2026-07-22T10:44:54.363579+00:00,Dubai,AE,2026-07-25 21:00:00,31.54,37.18,31.54,31.54,997,64,2.33,42,2.39,7,10000,0,0,0,Clear,clear sky,n
2026-07-22T10:44:54.363579+00:00,Dubai,AE,2026-07-26 00:00:00,31.23,35.6,31.23,31.23,996,61,3.71,78,4.21,52,10000,0,0,0,Clouds,broken clouds,n
2026-07-22T10:44:54.363579+00:00,Dubai,AE,2026-07-26 03:00:00,30.58,37.34,30.58,30.58,998,73,6.03,80,7.34,96,10000,0,0,0,Clouds,overcast clouds,d
2026-07-22T10:44:54.363579+00:00,Dubai,AE,2026-07-26 06:00:00,36.91,42.26,36.91,36.91,998,43,3.35,112,4.31,96,10000,0,0,0,Clouds,overcast clouds,d
2026-07-22T10:44:54.363579+00:00,Dubai,AE,2026-07-26 09:00:00,36.96,43.72,36.96,36.96,997,46,4.77,286,4.34,100,10000,0,0,0,Clouds,overcast clouds,d
2026-07-22T10:44:54.363579+00:00,Dubai,AE,2026-07-26 12:00:00,34.01,41.01,34.01,34.01,997,65,5.47,326,5.5,100,10000,0,0,0,Clouds,overcast clouds,d
2026-07-22T10:44:54.363579+00:00,Dubai,AE,2026-07-26 15:00:00,32.77,39.77,32.77,32.77,997,69,1.33,8,1.44,100,10000,0,0,0,Clouds,overcast clouds,d
2026-07-22T10:44:54.363579+00:00,Dubai,AE,2026-07-26 18:00:00,32.23,39.23,32.23,32.23,998,73,2.1,18,2.35,96,10000,0,0,0,Clouds,overcast clouds,n
2026-07-22T10:44:54.363579+00:00,Dubai,AE,2026-07-26 21:00:00,31.98,38.98,31.98,31.98,997,68,4.36,84,6.04,9,10000,0,0,0,Clear,clear sky,n
2026-07-22T10:44:54.363579+00:00,Dubai,AE,2026-07-27 00:00:00,31.51,37.71,31.51,31.51,996,66,2.78,69,4.37,5,10000,0,0,0,Clear,clear sky,n
2026-07-22T10:44:54.363579+00:00,Dubai,AE,2026-07-27 03:00:00,31.1,37.56,31.1,31.1,999,69,4.97,96,6.27,0,10000,0,0,0,Clear,clear sky,d
2026-07-22T10:44:54.363579+00:00,Dubai,AE,2026-07-27 06:00:00,36.52,43.52,36.52,36.52,999,50,2,171,2.53,0,10000,0,0,0,Clear,clear sky,d
2026-07-22T10:44:54.363579+00:00,Dubai,AE,2026-07-27 09:00:00,36.18,43.18,36.18,36.18,998,53,5.47,304,4.39,0,10000,0,0,0,Clear,clear sky,d
2026-07-22T10:44:54.520593+00:00,Sydney,AU,2026-07-22 12:00:00,14.76,13.91,12.42,14.76,1021,62,3.48,287,7.28,76,10000,0,0,0,Clouds,broken clouds,n
2026-07-22T10:44:54.520593+00:00,Sydney,AU,2026-07-22 15:00:00,13.42,12.51,10.75,13.42,1021,65,3.09,288,5.56,58,10000,0,0,0,Clouds,broken clouds,n
2026-07-22T10:44:54.520593+00:00,Sydney,AU,2026-07-22 18:00:00,10.99,10,9.1,10.99,1020,71,3.01,284,5.36,33,10000,0,0,0,Clouds,scattered clouds,n
2026-07-22T10:44:54.520593+00:00,Sydney,AU,2026-07-22 21:00:00,8.33,6.46,8.33,8.33,1021,77,3.08,287,4.42,0,10000,0,0,0,Clear,clear sky,d
2026-07-22T10:44:54.520593+00:00,Sydney,AU,2026-07-23 00:00:00,16.18,15.26,16.18,16.18,1021,54,3.97,268,8.08,0,10000,0,0,0,Clear,clear sky,d
2026-07-22T10:44:54.520593+00:00,Sydney,AU,2026-07-23 03:00:00,20.02,19.04,20.02,20.02,1018,37,5.75,254,8.15,1,10000,0,0,0,Clear,clear sky,d
2026-07-22T10:44:54.520593+00:00,Sydney,AU,2026-07-23 06:00:00,18.86,17.87,18.86,18.86,1018,41,5.96,241,7.8,7,10000,0,0,0,Clear,clear sky,d
2026-07-22T10:44:54.520593+00:00,Sydney,AU,2026-07-23 09:00:00,12.95,11.58,12.95,12.95,1021,49,7.38,245,11.71,3,10000,0,0,0,Clear,clear sky,n
2026-07-22T10:44:54.520593+00:00,Sydney,AU,2026-07-23 12:00:00,8.46,5.03,8.46,8.46,1023,51,6.76,248,11.77,18,10000,0,0,0,Clouds,few clouds,n
2026-07-22T10:44:54.520593+00:00,Sydney,AU,2026-07-23 15:00:00,8.21,5.05,8.21,8.21,1023,57,5.79,247,10.71,4,10000,0,0,0,Clear,clear sky,n
2026-07-22T10:44:54.520593+00:00,Sydney,AU,2026-07-23 18:00:00,6.16,2.45,6.16,6.16,1024,55,5.78,250,10.61,2,10000,0,0,0,Clear,clear sky,n
2026-07-22T10:44:54.520593+00:00,Sydney,AU,2026-07-23 21:00:00,4.83,1.21,4.83,4.83,1026,56,4.83,245,9.88,0,10000,0,0,0,Clear,clear sky,d
2026-07-22T10:44:54.520593+00:00,Sydney,AU,2026-07-24 00:00:00,11.36,9.67,11.36,11.36,1027,43,3.74,236,4.45,0,10000,0,0,0,Clear,clear sky,d
2026-07-22T10:44:54.520593+00:00,Sydney,AU,2026-07-24 03:00:00,14.28,12.7,14.28,14.28,1025,36,2.49,158,3.28,0,10000,0,0,0,Clear,clear sky,d
2026-07-22T10:44:54.520593+00:00,Sydney,AU,2026-07-24 06:00:00,13.34,11.83,13.34,13.34,1025,42,2.6,100,2.26,0,10000,0,0,0,Clear,clear sky,d
2026-07-22T10:44:54.520593+00:00,Sydney,AU,2026-07-24 09:00:00,11.72,10.28,11.72,11.72,1026,51,2.16,44,3.05,0,10000,0,0,0,Clear,clear sky,n
2026-07-22T10:44:54.520593+00:00,Sydney,AU,2026-07-24 12:00:00,9.45,7.85,9.45,9.45,1026,63,3.01,293,3.28,0,10000,0,0,0,Clear,clear sky,n
2026-07-22T10:44:54.520593+00:00,Sydney,AU,2026-07-24 15:00:00,7.92,6.07,7.92,7.92,1026,64,2.92,281,4.35,0,10000,0,0,0,Clear,clear sky,n
2026-07-22T10:44:54.520593+00:00,Sydney,AU,2026-07-24 18:00:00,6.75,3.63,6.75,6.75,1025,72,4.76,283,9.03,0,10000,0,0,0,Clear,clear sky,n
2026-07-22T10:44:54.520593+00:00,Sydney,AU,2026-07-24 21:00:00,6.45,3.13,6.45,6.45,1025,73,5.05,277,9.41,0,10000,0,0,0,Clear,clear sky,d
2026-07-22T10:44:54.520593+00:00,Sydney,AU,2026-07-25 00:00:00,12.92,11.52,12.92,12.92,1025,48,4.87,269,6.21,0,10000,0,0,0,Clear,clear sky,d
2026-07-22T10:44:54.520593+00:00,Sydney,AU,2026-07-25 03:00:00,18.39,17.22,18.39,18.39,1022,36,3.09,288,3.37,0,10000,0,0,0,Clear,clear sky,d
2026-07-22T10:44:54.520593+00:00,Sydney,AU,2026-07-25 06:00:00,18.77,17.8,18.77,18.77,1021,42,2.04,337,2.92,0,10000,0,0,0,Clear,clear sky,d
2026-07-22T10:44:54.520593+00:00,Sydney,AU,2026-07-25 09:00:00,15.15,14.18,15.15,15.15,1023,56,5.56,245,11.37,6,10000,0,0,0,Clear,clear sky,n
2026-07-22T10:44:54.520593+00:00,Sydney,AU,2026-07-25 12:00:00,13.4,12.44,13.4,13.4,1024,63,5.63,250,11.8,6,10000,0,0,0,Clear,clear sky,n
2026-07-22T10:44:54.520593+00:00,Sydney,AU,2026-07-25 15:00:00,12.16,11.13,12.16,12.16,1024,65,5.58,249,11.75,4,10000,0,0,0,Clear,clear sky,n
2026-07-22T10:44:54.520593+00:00,Sydney,AU,2026-07-25 18:00:00,10.96,9.89,10.96,10.96,1024,68,5.21,261,10.81,9,10000,0,0,0,Clear,clear sky,n
2026-07-22T10:44:54.520593+00:00,Sydney,AU,2026-07-25 21:00:00,10.86,9.75,10.86,10.86,1025,67,4.23,261,8.95,32,10000,0,0,0,Clouds,scattered clouds,d
2026-07-22T10:44:54.520593+00:00,Sydney,AU,2026-07-26 00:00:00,14.59,13.51,14.59,14.59,1025,54,3.65,247,4.92,22,10000,0,0,0,Clouds,few clouds,d
2026-07-22T10:44:54.520593+00:00,Sydney,AU,2026-07-26 03:00:00,17.62,16.64,17.62,17.62,1023,46,1.46,140,2.14,1,10000,0,0,0,Clear,clear sky,d
2026-07-22T10:44:54.520593+00:00,Sydney,AU,2026-07-26 06:00:00,16.67,15.8,16.67,16.67,1023,54,3.4,74,3.11,1,10000,0,0,0,Clear,clear sky,d
2026-07-22T10:44:54.520593+00:00,Sydney,AU,2026-07-26 09:00:00,14.2,13.5,14.2,14.2,1025,70,1.34,13,1.67,3,10000,0,0,0,Clear,clear sky,n
2026-07-22T10:44:54.520593+00:00,Sydney,AU,2026-07-26 12:00:00,12.84,12.06,12.84,12.84,1026,72,2.57,298,3.35,3,10000,0,0,0,Clear,clear sky,n
2026-07-22T10:44:54.520593+00:00,Sydney,AU,2026-07-26 15:00:00,10.85,9.92,10.85,10.85,1026,74,3.7,289,5.45,0,10000,0,0,0,Clear,clear sky,n
2026-07-22T10:44:54.520593+00:00,Sydney,AU,2026-07-26 18:00:00,9.84,7.95,9.84,9.84,1026,73,3.69,288,5.7,0,10000,0,0,0,Clear,clear sky,n
2026-07-22T10:44:54.520593+00:00,Sydney,AU,2026-07-26 21:00:00,9.22,7.22,9.22,9.22,1028,76,3.65,289,4.93,0,10000,0,0,0,Clear,clear sky,d
2026-07-22T10:44:54.520593+00:00,Sydney,AU,2026-07-27 00:00:00,14.66,13.57,14.66,14.66,1028,53,3.48,300,4.15,0,10000,0,0,0,Clear,clear sky,d
2026-07-22T10:44:54.520593+00:00,Sydney,AU,2026-07-27 03:00:00,18.88,17.84,18.88,18.88,1025,39,1.19,26,2.08,0,10000,0,0,0,Clear,clear sky,d
2026-07-22T10:44:54.520593+00:00,Sydney,AU,2026-07-27 06:00:00,16.87,16.1,16.87,16.87,1025,57,4.08,53,4.68,0,10000,0,0,0,Clear,clear sky,d
2026-07-22T10:44:54.520593+00:00,Sydney,AU,2026-07-27 09:00:00,15.26,14.56,15.26,15.26,1027,66,4.37,37,7.73,0,10000,0,0,0,Clear,clear sky,n
2026-07-22T10:44:54.669358+00:00,Berlin,DE,2026-07-22 12:00:00,17.26,16.97,17.26,20.31,1016,74,5.99,261,9.12,99,10000,0,0,0,Clouds,overcast clouds,d
2026-07-22T10:44:54.669358+00:00,Berlin,DE,2026-07-22 15:00:00,18.19,17.92,18.19,20.04,1016,71,5,257,9.07,99,10000,0.2,0.12,0,Rain,light rain,d
2026-07-22T10:44:54.669358+00:00,Berlin,DE,2026-07-22 18:00:00,19.61,19.43,19.61,20.78,1015,69,5.16,271,9.66,79,10000,0.61,0.48,0,Rain,light rain,d
2026-07-22T10:44:54.669358+00:00,Berlin,DE,2026-07-22 21:00:00,17.64,17.55,17.64,17.64,1014,80,5.54,274,10.64,35,10000,0.32,0.2,0,Rain,light rain,n
2026-07-22T10:44:54.669358+00:00,Berlin,DE,2026-07-23 00:00:00,18.17,18.16,18.17,18.17,1013,81,5.88,277,12.5,37,10000,0,0,0,Clouds,scattered clouds,n
2026-07-22T10:44:54.669358+00:00,Berlin,DE,2026-07-23 03:00:00,16.38,16.4,16.38,16.38,1013,89,5.96,287,13.56,61,10000,0,0,0,Clouds,broken clouds,n
2026-07-22T10:44:54.669358+00:00,Berlin,DE,2026-07-23 06:00:00,16.99,16.83,16.99,16.99,1014,80,6.4,299,11.24,64,10000,0,0,0,Clouds,broken clouds,d
2026-07-22T10:44:54.669358+00:00,Berlin,DE,2026-07-23 09:00:00,22.73,22.34,22.73,22.73,1015,49,6.15,314,8.97,38,10000,0,0,0,Clouds,scattered clouds,d
2026-07-22T10:44:54.669358+00:00,Berlin,DE,2026-07-23 12:00:00,21.63,21.08,21.63,21.63,1015,47,4.82,318,7.18,56,10000,0,0,0,Clouds,broken clouds,d
2026-07-22T10:44:54.669358+00:00,Berlin,DE,2026-07-23 15:00:00,21.13,20.71,21.13,21.13,1015,54,4.86,280,8.31,93,10000,0.24,0.26,0,Rain,light rain,d
2026-07-22T10:44:54.669358+00:00,Berlin,DE,2026-07-23 18:00:00,22.5,22.01,22.5,22.5,1015,46,2.53,335,5.66,68,10000,0,0,0,Clouds,broken clouds,d
2026-07-22T10:44:54.669358+00:00,Berlin,DE,2026-07-23 21:00:00,18.03,17.38,18.03,18.03,1016,57,3.44,284,8.05,27,10000,0,0,0,Clouds,scattered clouds,n
2026-07-22T10:44:54.669358+00:00,Berlin,DE,2026-07-24 00:00:00,19.25,19.35,19.25,19.25,1017,81,4.92,297,11.19,47,10000,0.2,0.14,0,Rain,light rain,n
2026-07-22T10:44:54.669358+00:00,Berlin,DE,2026-07-24 03:00:00,13.17,12.79,13.17,13.17,1017,86,4.05,283,9.69,100,10000,0,0,0,Clouds,overcast clouds,n
2026-07-22T10:44:54.669358+00:00,Berlin,DE,2026-07-24 06:00:00,14.71,14.14,14.71,14.71,1017,73,4.75,285,8.45,97,10000,0,0,0,Clouds,overcast clouds,d
2026-07-22T10:44:54.669358+00:00,Berlin,DE,2026-07-24 09:00:00,19.56,18.77,19.56,19.56,1017,46,4.87,281,6.27,19,10000,0,0,0,Clouds,few clouds,d
2026-07-22T10:44:54.669358+00:00,Berlin,DE,2026-07-24 12:00:00,23.12,22.4,23.12,23.12,1015,35,5,291,5.73,15,10000,0,0,0,Clouds,few clouds,d
2026-07-22T10:44:54.669358+00:00,Berlin,DE,2026-07-24 15:00:00,22.79,22.35,22.79,22.79,1015,47,5.14,321,5.08,47,10000,0,0,0,Clouds,scattered clouds,d
2026-07-22T10:44:54.669358+00:00,Berlin,DE,2026-07-24 18:00:00,21.39,20.94,21.39,21.39,1014,52,2.52,286,4.06,47,10000,0,0,0,Clouds,scattered clouds,d
2026-07-22T10:44:54.669358+00:00,Berlin,DE,2026-07-24 21:00:00,18.88,18.47,18.88,18.88,1013,63,2.08,233,4.79,80,10000,0,0,0,Clouds,broken clouds,n
2026-07-22T10:44:54.669358+00:00,Berlin,DE,2026-07-25 00:00:00,17.28,16.84,17.28,17.28,1012,68,2.01,226,4.64,90,10000,0,0,0,Clouds,overcast clouds,n
2026-07-22T10:44:54.669358+00:00,Berlin,DE,2026-07-25 03:00:00,16.42,16.02,16.42,16.42,1011,73,2.35,208,5.42,100,10000,0,0,0,Clouds,overcast clouds,n
2026-07-22T10:44:54.669358+00:00,Berlin,DE,2026-07-25 06:00:00,18.43,17.95,18.43,18.43,1010,62,2.63,206,4.53,100,10000,0,0,0,Clouds,overcast clouds,d
2026-07-22T10:44:54.669358+00:00,Berlin,DE,2026-07-25 09:00:00,24.08,23.46,24.08,24.08,1009,35,3.19,218,4.42,100,10000,0,0,0,Clouds,overcast clouds,d
2026-07-22T10:44:54.669358+00:00,Berlin,DE,2026-07-25 12:00:00,27.4,26.76,27.4,27.4,1007,32,3.43,260,5.2,100,10000,0,0,0,Clouds,overcast clouds,d
2026-07-22T10:44:54.669358+00:00,Berlin,DE,2026-07-25 15:00:00,28.47,27.27,28.47,28.47,1005,26,3.25,256,5.31,100,10000,0,0,0,Clouds,overcast clouds,d
2026-07-22T10:44:54.669358+00:00,Berlin,DE,2026-07-25 18:00:00,26.65,26.65,26.65,26.65,1004,31,1.8,268,3.56,57,10000,0,0,0,Clouds,broken clouds,d
2026-07-22T10:44:54.669358+00:00,Berlin,DE,2026-07-25 21:00:00,23.16,22.55,23.16,23.16,1004,39,2.22,163,2.65,6,10000,0,0,0,Clear,clear sky,n
2026-07-22T10:44:54.669358+00:00,Berlin,DE,2026-07-26 00:00:00,21.19,20.59,21.19,21.19,1002,47,3.49,170,8.95,13,10000,0,0,0,Clouds,few clouds,n
2026-07-22T10:44:54.669358+00:00,Berlin,DE,2026-07-26 03:00:00,18.78,18.15,18.78,18.78,1002,55,0.47,117,0.58,29,10000,0,0,0,Clouds,scattered clouds,n
2026-07-22T10:44:54.669358+00:00,Berlin,DE,2026-07-26 06:00:00,20.06,19.66,20.06,20.06,1003,59,2.97,304,4.7,65,10000,0,0,0,Clouds,broken clouds,d
2026-07-22T10:44:54.669358+00:00,Berlin,DE,2026-07-26 09:00:00,24.69,24.26,24.69,24.69,1004,40,2.86,264,5.05,99,10000,0,0,0,Clouds,overcast clouds,d
2026-07-22T10:44:54.669358+00:00,Berlin,DE,2026-07-26 12:00:00,25.11,24.62,25.11,25.11,1004,36,6.44,265,9.32,100,10000,0,0,0,Clouds,overcast clouds,d
2026-07-22T10:44:54.669358+00:00,Berlin,DE,2026-07-26 15:00:00,26.1,26.1,26.1,26.1,1004,33,5.93,258,8.93,100,10000,0,0,0,Clouds,overcast clouds,d
2026-07-22T10:44:54.669358+00:00,Berlin,DE,2026-07-26 18:00:00,20.62,20.49,20.62,20.62,1006,67,3.92,280,9.33,95,10000,0,0,0,Clouds,overcast clouds,d
2026-07-22T10:44:54.669358+00:00,Berlin,DE,2026-07-26 21:00:00,18.83,18.75,18.83,18.83,1007,76,3.78,272,8.79,59,10000,0,0,0,Clouds,broken clouds,n
2026-07-22T10:44:54.669358+00:00,Berlin,DE,2026-07-27 00:00:00,17.02,17,17.02,17.02,1008,85,3.06,281,6.67,69,10000,0.2,0.49,0,Rain,light rain,n
2026-07-22T10:44:54.669358+00:00,Berlin,DE,2026-07-27 03:00:00,16.33,16.06,16.33,16.33,1010,78,3.56,303,8.27,90,10000,0,0,0,Clouds,overcast clouds,n
2026-07-22T10:44:54.669358+00:00,Berlin,DE,2026-07-27 06:00:00,15.96,15.52,15.96,15.96,1012,73,3.67,291,6.84,93,10000,0,0,0,Clouds,overcast clouds,d
2026-07-22T10:44:54.669358+00:00,Berlin,DE,2026-07-27 09:00:00,19.11,18.54,19.11,19.11,1013,56,4.6,274,6.67,99,10000,0,0,0,Clouds,overcast clouds,d
